{
  "bat": {
    "name": "bat",
    "attackrange": 25,
    "moveFrames" : 3,
    "attackFrames" : 3,
    "score" : 25,
    "hitboxWidth": 20,
    "hitboxHeight": 15,
    "hitboxOffsetX": 0,
    "hitboxOffsetY": 0,
    "attackType": "movement",
    "flight": true,
    "moveSpeed" : 50,
    "moveAnimationSpeed" : 0.333,
    "attackAnimationSpeed" : 0.111,
    "maxHealth" : 100,
    "damageTaken" : 35
  },
  "datboi": {
    "name": "datboi",
    "attackrange": 25,
    "moveFrames" : 3,
    "attackFrames" : 3,
    "score" : 20,
    "hitboxWidth": 15,
    "hitboxHeight": 25,
    "hitboxOffsetX": 0,
    "hitboxOffsetY": 0,
    "attackType": "movement",
    "flight": false,
    "moveSpeed" : 50,
    "moveAnimationSpeed" : 0.333,
    "attackAnimationSpeed" : 0.111,
    "maxHealth" : 100,
    "damageTaken" : 60
  },
  "king": {
    "name": "king",
    "attackrange": 60,
    "moveFrames" : 3,
    "attackFrames" : 9,
    "score" : 100,
    "hitboxWidth": 90,
    "hitboxHeight": 60,
    "hitboxOffsetX": 0,
    "hitboxOffsetY": -10,
    "attackType": "meleeArea",
    "flight": false,
    "moveSpeed" : 50,
    "moveAnimationSpeed" : 0.333,
    "attackAnimationSpeed" : 0.111,
    "maxHealth" : 250,
    "damageTaken" : 35
  },
  "mask": {
    "name": "mask",
    "attackrange": 10,
    "moveFrames" : 3,
    "attackFrames" : 3,
    "score" : 10,
    "hitboxWidth": 30,
    "hitboxHeight": 30,
    "hitboxOffsetX": 0,
    "hitboxOffsetY": 0,
    "attackType": "movement",
    "flight": false,
    "moveSpeed" : 0,
    "moveAnimationSpeed" : 0.1,
    "attackAnimationSpeed" : 0.1,
    "maxHealth" : 100,
    "damageTaken" : 50
  },
  "eye": {
    "name": "eye",
    "attackrange": 10,
    "moveFrames" : 2,
    "attackFrames" : 2,
    "score" : 35,
    "hitboxWidth": 19,
    "hitboxHeight": 19,
    "hitboxOffsetX": 0,
    "hitboxOffsetY": 0,
    "attackType": "movement",
    "flight": true,
    "moveSpeed" : 60,
    "moveAnimationSpeed" : 0.333,
    "attackAnimationSpeed" : 0.111,
    "maxHealth" : 100,
    "damageTaken" : 30
  },
  "prism": {
    "name": "prism",
    "attackrange": 10,
    "moveFrames" : 1,
    "attackFrames" : 1,
    "score" : 15,
    "hitboxWidth": 20,
    "hitboxHeight": 20,
    "hitboxOffsetX": 0,
    "hitboxOffsetY": 0,
    "attackType": "movement",
    "flight": true,
    "moveSpeed" : 20,
    "moveAnimationSpeed" : 0.333,
    "attackAnimationSpeed" : 0.111,
    "maxHealth" : 100,
    "damageTaken" : 10
  },
  "spider": {
    "name": "spider",
    "attackrange": 10,
    "moveFrames" : 4,
    "attackFrames" : 4,
    "score" : 15,
    "hitboxWidth": 20,
    "hitboxHeight": 17,
    "hitboxOffsetX": 0,
    "hitboxOffsetY": 0,
    "attackType": "movement",
    "flight": false,
    "moveSpeed" : 120,
    "moveAnimationSpeed" : 0.1,
    "attackAnimationSpeed" : 0.1,
    "maxHealth" : 50,
    "damageTaken" : 50
  }
}